nr,SessionID,Activity,Trial,ROI start,ROI end,Notes
TRT_SIM_P07,e7a7ac94-a977-4e35-8837-8775667eb302,nrc,l1,6.383,6.850,C/R Synced
,,nrc,l2,9.050,9.488,
,,nrc,l3,5.779,6.233,
,,nrc,r1,7.154,7.600,left camera glitch but synced
,,nrc,r2,6.287,6.704,
,,nrc,r3,5.867,6.287,
,,nsdj,l1,5.517,5.987,
,,nsdj,l2,5.667,6.171,
,,nsdj,l3,5.496,6.042,
,,nsdj,r1,6.346,6.946,
,,nsdj,r2,5.046,5.638,
,,nsdj,r3,4.554,5.125,
,,crc,l1,6.575,7.200,
,,crc,l2,5.958,6.554,
,,crc,l3,6.138,6.763,
,,crc,r1,6.629,7.296,
,,crc,r2,6.625,7.479,
,,crc,r3,6.062,6.954,
,,csdj,l1,6.167,6.888,
,,csdj,l2,5.125,5.817,
,,csdj,l3,5.296,5.976,
,,csdj,r1,5.842,6.679,
,,csdj,r2,5.292,6.029,
,,csdj,r3,5.037,5.746,
TRT_SIM_S01,c3e8f9b7-2790-4250-9266-fd98e2b67b66,nrc,l1,5.942,6.305,
,,nrc,l2,5.700,6.088,
,,nrc,l3,,,videos not synced - blip
,,nrc,r1,5.758,6.142,L/R Synced
,,nrc,r2,5.071,5.517,C/L Synced
,,nrc,r3,6.037,6.492,
,,nsdj,l1,6.104,6.533,
,,nsdj,l2,,,massive blip
,,nsdj,l3,6.033,6.471,
,,nsdj,r1,5.050,5.463,C/R Synced
,,nsdj,r2,5.487,5.925,
,,nsdj,r3,6.237,6.679,
v2,d14677bc-6c7d-4782-9403-c636ef2a7cae,nrc,l1,6.438,6.787,C/R Synced
,,nrc,l2,6.417,6.742,
,,nrc,l3,6.725,7.121,L/C Synced
,,nrc,r1,,,videos not synced
,,nrc,r1_1,6.108,6.467,
,,nrc,r2,6.342,6.708,
,,nrc,r3,6.258,6.650,
,,nsdj,l1,6.138,6.525,
,,nsdj,l2,5.496,5.900,
,,nsdj,l3,6.029,6.408,
,,nsdj,r1,6.100,6.542,
,,nsdj,r2,5.804,6.196,
,,nsdj,r3,5.717,6.121,
,,crc,l1,5.448,6.108,
,,crc,l2,6.042,6.688,
,,crc,l3,5.992,6.662,L/C Synced
,,crc,r1,6.192,6.921,
,,crc,r2,,,no cut
,,crc,r2_1,6.304,6.983,blip everywhere but cut
,,crc,r3,6.004,6.633,blip everywhere but cut (C/R)
,,csdj,l1,7.013,7.685,
,,csdj,l2,6.096,6.787,
,,csdj,l3,6.704,7.396,
,,csdj,r1,5.554,6.213,
,,csdj,r2,5.808,6.475,
,,csdj,r3,6.271,6.946,
TRT_SIM_02,584ca5d8-3dfc-4b12-b389-fecf017ff790,nrc,l1,,,not synced
,,nrc,l2,5.742,6.071,
,,nrc,l3,5.667,6.046,
,,nrc,r1,6.088,6.513,
,,nrc,r2,,,not synced
,,nrc,r2_1,5.933,6.325,
,,nrc,r3,5.562,6.029,
,,nsdj,l1,5.283,5.900,
,,nsdj,l2,5.688,6.350,
,,nsdj,l3,5.967,6.575,
,,nsdj,r1,8.496,9.238,
,,nsdj,r2,5.704,6.446,
,,nsdj,r3,5.250,5.925,
,4fb2d60a-09e0-430e-8177-d2d8082947d3,nrc,l1,6.133,6.462,only 2 cameras
,,nrc,l2,5.846,6.200,
,,nrc,l3,5.662,6.050,
,,nrc,r1,6.479,6.933,
,,nrc,r1_1,6.796,7.267,
,,nrc,r2,5.987,6.467,
,,nrc,r3,5.237,5.396,"*does 2 steps, wrote down both"
,,,r3,5.471,5.829,"*does 2 steps, wrote down both"
,,nsdj,l1,5.275,5.971,
,,nsdj,l2,5.283,5.967,
,,nsdj,l3,5.008,5.654,
,,nsdj,r1,5.050,5.804,
,,nsdj,r2,4.792,5.483,
,,nsdj,r3,4.554,5.279,
,,crc,l1,,,camera fell over
,,crc,r1,5.925,6.371,L/R Synced
,7302d2c7-f5ea-43f1-9c08-ed724615bf3c,crc,r1,6.167,6.804,L/R Synced
,,crc,r2,5.667,6.308,L/R Synced
,,crc,r3,6.471,7.017,
,,crc,l1,5.996,6.587,
,,crc,l2,6.462,6.992,
,,crc,l3,5.874,6.370,
,,csdj,l1,5.196,6.058,
,,csdj,l2,4.854,5.625,
,,csdj,l3,5.033,5.842,
,,csdj,r1,5.233,6.046,
,,csdj,r2,5.025,5.779,
,,csdj,r3,4.792,5.525,
TRT_SIM_S03,b1818626-1ab9-414a-a0b8-cf894dead900,nrc,l1,5.408,5.792,C/R Synced
,,nrc,l2,5.883,6.217,
,,nrc,l3,5.604,5.925,
,,nrc,r1,6.029,6.271,C/R Synced
,,nrc,r1_1,5.854,6.196,L/R Synced
,,nrc,r2,5.679,5.992,C is barely behind
,,nrc,r3,5.638,5.904,
,,nsdj,l1,5.883,6.338,
,,nsdj,l2,5.029,5.429,
,,nsdj,l3,4.633,5.050,
,,nsdj,r1,6.425,6.842,
,,nsdj,r2,5.350,5.858,
,,nsdj,r3,5.646,6.067,
,a1a44153-a5a3-46ce-be83-158c0c28c27d,nrc,l1,5.992,6.379,
,,nrc,l2,5.625,6.008,
,,nrc,l3,6.146,6.450,
,,nrc,r1,6.462,6.742,C/L Synced
,,nrc,r2,5.225,5.496,L/R Synced
,,nrc,r3,5.121,5.425,
,,nsdj,l1,4.900,5.296,
,,nsdj,l2,4.658,5.062,
,,nsdj,l3,4.754,5.167,
,,nsdj,r1,4.821,5.208,
,,nsdj,r2,5.017,5.379,
,,nsdj,r3,6.754,7.183,
,,crc,l1,5.721,6.133,
,,crc,l2,6.054,6.396,
,,crc,l3,5.846,6.358,
,,crc,r1,6.237,6.571,
,,crc,r2,5.838,6.338,
,,crc,r3,5.850,6.350,
,,csdj,l1,5.479,6.142,
,,csdj,l2,6.404,6.883,
,,csdj,l3,5.062,5.504,
,,csdj,r1,5.417,5.971,
,,csdj,r2,4.925,5.392,
,,csdj,r3,4.917,5.450,
TRT_SIM_S04,6d03bbe1-93ba-4001-829b-269d1d64d50a,nrc,l1,4.750,5.104,
,,nrc,l2,4.579,4.946,
,,nrc,l3,4.171,4.492,
,,nrc,r1,4.883,5.229,visual glitch in opencap. cant see if its synced. proceeded as if it was
,,nrc,r2,4.571,4.929,
,,nrc,r3,4.442,4.767,
,,nsdj,l1,3.750,4.283,
,,nsdj,l2,4.412,4.975,
,,nsdj,l3,3.879,4.412,
,,nsdj,r1,3.675,4.213,
,,nsdj,r2,3.788,4.338,
,,nsdj,r3,3.783,4.300,
,,nsdj,r3_1,3.825,4.292,
,8b35b045-0ced-4920-83d0-a30032d038ab,nrc,l1,3.983,4.304,
,,nrc,l2,4.938,5.246,
,,nrc,l3,4.358,4.629,
,,nrc,r1,4.396,4.783,
,,nrc,r2,4.604,5.004,
,,nrc,r3,4.279,4.650,
,,nsdj,l1,4.200,4.767,
,,nsdj,l2,4.404,4.896,
,,nsdj,l3,4.287,4.867,
,,nsdj,r1,4.408,5.050,
,,nsdj,r2,4.504,5.008,
,,nsdj,r3,4.612,5.158,
,,crc,l1,4.542,4.971,
,,crc,l2,4.458,4.804,
,,crc,l3,5.058,5.404,
,,crc,r1,4.333,4.696,
,,crc,r2,5.004,5.379,
,,crc,r3,4.729,5.104,L/R Synced
,,csdj,l1,4.554,5.200,
,,csdj,l2,4.400,5.075,
,,csdj,l3,4.567,5.321,
,,csdj,r1,4.312,4.967,
,,csdj,r2,4.562,5.242,
,,csdj,r3,4.725,5.412,
TRT_SIM_05,28761f96-bb2d-4f00-a345-917ba58ab594,nrc,l1,,,didnt process
,,nrc,l1_1,,,all slightly off
,,nrc,l2,,,all slightly off
,,nrc,l3,5.263,5.617,C/L Synced
,,nrc,r1,,,visual bug
,,nrc,r2,6.729,7.042,
,,nrc,r3,4.975,5.275,
,,nsdj,l1,3.583,4.000,
,,nsdj,l2,5.375,5.771,
,,nsdj,l3,4.500,4.912,
,,nsdj,r1,5.196,5.592,
,,nsdj,r2,4.717,5.108,
,,nsdj,r3,4.796,5.142,
,f90beb5f-3b96-4ce0-be23-aabbe38f87b5,nrc,l1,,,not synced
,,nrc,l2,4.867,5.225,
,,nrc,l3,,,not synced
,,nrc,r1,5.429,5.708,R/C Synced
,,nrc,r2,5.550,5.829,
,,nrc,r3,4.912,5.196,
,,nsdj,l1,4.713,5.104,
,,nsdj,l2,4.404,4.808,
,,nsdj,l3,4.250,4.642,
,,nsdj,r1,4.458,4.821,
,,nsdj,r2,4.579,4.967,
,,nsdj,r3,4.783,5.183,
,,nsdj,r3_1,4.217,4.604,
,,crc,l1,4.958,5.383,C/L synced
,,crc,l2,5.279,5.750,
,,crc,l3,4.900,5.362,C/R Synced
,,crc,r1,5.175,5.671,
,,crc,r2,5.329,5.804,
,,crc,r3,,,not synced
,,csdj,l1,4.721,5.317,
,,csdj,l2,4.604,5.112,
,,csdj,l3,4.612,5.125,
,,csdj,r1,4.612,5.188,
,,csdj,r2,5.067,5.633,
,,csdj,r3,4.463,5.025,
TRT_SIM_S06,573a3c89-7207-4c8c-ad18-24a3ff8aa57f,nrc,l1,4.821,5.188,
,,nrc,l2,,,not synced
,,nrc,l3,5.058,5.379,
,,nrc,r1,5.875,6.204,
,,nrc,r2,5.371,5.721,
,,nrc,r3,5.683,6.025,
,,nsdj,l1,4.688,5.054,
,,nsdj,l2,4.258,4.629,
,,nsdj,l3,4.292,4.667,
,,nsdj,r1,5.062,5.579,
,,nsdj,r1_1,4.542,4.921,
,,nsdj,r2,,,not synced
,,nsdj,r3,4.058,4.429,
,3b9b0a35-eaca-418d-b3a7-3cb3c41387da,nrc,l1,5.108,5.438,
,,nrc,l2,,,not synced
,,nrc,l3,4.612,4.936,C/L Synced
,,nrc,r1,5.579,5.921,
,,nrc,r2,5.062,5.392,
,,nrc,r3,5.162,5.471,
,,nsdj,l1,4.154,4.508,
,,nsdj,l2,4.821,5.171,
,,nsdj,l3,4.371,4.737,
,,nsdj,r1,4.662,5.021,
,,nsdj,r2,4.629,4.987,
,,nsdj,r3,4.388,4.742,
,,crc,l1,5.537,5.883,
,,crc,l2,,,not synced
,,crc,l3,5.633,6.008,
,,crc,r1,5.775,6.133,
,,crc,r2,5.467,5.846,
,,crc,r3,5.879,6.250,
,,csdj,l1,4.879,5.421,
,,csdj,l2,5.408,6.037,
,,csdj,l3,,,missing?
,,csdj,r1,4.271,4.838,
,,csdj,r2,4.858,5.458,
,,csdj,r3,5.325,5.833,
,,csdj,r3_1,4.683,5.192,
,,csdj,r3_2,4.471,5.037,
TRT_SIM_S07,b43efc93-1775-40b0-8bd9-ae6de60280d1,nrc,l1,4.883,5.254,
,,nrc,l2,5.946,6.283,
,,nrc,l3,5.612,5.967,
,,nrc,r1,5.090,6.362,C/L Synced
,,nrc,r2,6.475,6.796,
,,nrc,r3,5.221,5.542,
,,nsdj,l1,4.358,4.854,
,,nsdj,l2,4.429,4.921,
,,nsdj,l3,4.875,5.354,
,,nsdj,r1,4.367,4.904,
,,nsdj,r2,4.600,5.100,
,,nsdj,r3,4.213,4.713,
,1420ae18-4734-4136-bd7a-3cf49292aec6,nrc,l1,5.421,5.779,
,,nrc,l2,4.629,4.950,
,,nrc,l3,5.296,5.638,
,,nrc,r1,5.471,5.821,
,,nrc,r2,,,faulty 
,,nrc,r2_1,5.083,5.375,
,,nrc,r3,4.800,5.096,
,,nsdj,l1,4.250,4.713,
,,nsdj,l2,4.300,4.763,
,,nsdj,l3,4.487,4.942,
,,nsdj,r1,4.317,4.800,
,,nsdj,r2,5.162,5.633,
,,nsdj,r3,4.537,5.054,
,,crc,l1,,,not synced
,,crc,l2,5.008,5.467,
,,crc,l3,5.125,5.671,L/R Synced
,,crc,r1,5.617,6.088,
,,crc,r2,5.537,6.075,
,,crc,r3,6.067,6.513,
,,csdj,l1,5.104,5.588,
,,csdj,l2,4.675,5.279,
,,csdj,l3,5.933,6.487,
,,csdj,r1,4.771,5.454,
,,csdj,r2,,,didnt upload
,,csdj,r2_1,5.067,5.654,
,,csdj,r3,5.254,5.850,
TRT_SIM_08,3043823f-f12b-4c53-8e25-5b506fc64080,nrc,l1,5.604,5.987,
,,nrc,l2,5.042,5.438,
,,nrc,l3,5.767,6.112,
,,nrc,r1,6.121,6.508,
,,nrc,r2,5.037,5.446,
,,nrc,r3,5.546,5.921,
,,nsdj,l1,4.763,5.208,
,,nsdj,l2,5.092,5.504,
,,nsdj,l3,5.183,5.583,
,,nsdj,r1,5.846,6.367,
,,nsdj,r2,,,"no jump, re-record missing"
,,nsdj,r3,5.583,6.037,
,5323923b-8fc6-4fed-bf31-a0e5a74c4583,nrc,l1,2.133,2.500,
,,nrc,l1_1,6.075,6.417,
,,nrc,l2,6.342,6.692,
,,nrc,l3,6.779,7.175,
,,nrc,r1,5.629,5.992,
,,nrc,r2,5.704,6.171,L/R Synced
,,nrc,r3,6.567,6.912,
,,nsdj,l1,5.058,5.492,
,,nsdj,l2,5.554,5.967,
,,nsdj,l3,4.333,4.783,
,,nsdj,r1,5.892,6.317,
,,nsdj,r2,5.329,5.758,
,,nsdj,r3,5.208,5.638,
,,crc,l1,6.737,7.362,
,,crc,l2,5.967,6.621,
,,crc,l3,7.250,7.875,
,,crc,r1,6.812,7.442,
,,crc,r2,6.125,6.737,L/R Synced
,,crc,r3,6.162,6.821,
,,csdj,l1,3.250,3.896,
,,csdj,l2,5.438,5.921,
,,csdj,l3,6.383,6.904,C/R Synced
,,csdj,r1,,,no jump
,,csdj,r1_1,5.487,6.021,
,,csdj,r2,5.696,6.233,
,,csdj,r3,5.333,5.896,
TRT_SIM_09,a846770e-9da1-4a42-a128-b615dcebe495,nrc,l1,4.838,5.112,
,,nrc,l1_1,5.138,5.471,
,,nrc,l2,4.933,5.258,C/R Synced
,,nrc,l3,4.742,5.067,
,,nrc,r1,4.875,5.175,
,,nrc,r1_1,5.450,5.750,
,,nrc,r2,4.933,5.254,
,,nrc,r3,5.263,5.583,L/R Synced
,,nsdj,l1,4.792,5.225,
,,nsdj,l2,5.079,5.529,
,,nsdj,l3,,,all 3 cameras didnt upload
,,nsdj,r1,5.217,5.696,
,,nsdj,r2,5.608,6.058,
,,nsdj,r3,5.158,5.629,
,42c0f4e5-f089-485f-b741-92e99d224101,nrc,l1,4.671,4.946,
,,nrc,l2,,,didnt upload
,,nrc,l2_1,8.800,9.117,
,,nrc,l3,4.513,4.796,C/R Synced
,,nrc,r1,5.267,5.583,
,,nrc,r2,4.696,4.971,
,,nrc,r3,5.192,5.463,C/L Synced
,,nsdj,l1,4.642,5.100,
,,nsdj,l2,5.167,5.679,
,,nsdj,l3,4.750,5.233,
,,nsdj,r1,4.317,4.812,
,,nsdj,r2,4.842,5.338,
,,nsdj,r3,4.067,4.542,
,,crc,l1,5.317,5.829,
,,crc,l2,,,Not synced
,,crc,l3,,,not synced 
,,crc,r1,5.992,6.504,
,,crc,r2,5.279,5.729,
,,crc,r3,5.608,6.108,
,,csdj,l1,4.621,5.196,
,,csdj,l2,4.904,5.517,
,,csdj,l3,4.237,4.812,
,,csdj,r1,5.108,5.817,
,,csdj,r2,4.188,4.812,
,,csdj,r3,4.379,5.050,
TRT_SIM_10,1c3a7fd8-b477-42e4-8482-d59038793c3f,nrc,l1,4.908,5.167,
,,nrc,l2,5.104,5.358,L/R Synced
,,nrc,l3,5.254,5.525,
,,nrc,r1,5.263,5.583,
,,nrc,r2,5.067,5.312,
,,nrc,r3,4.975,5.221,
,,nsdj,l1,6.763,7.158,
,,nsdj,l2,6.996,7.333,
,,nsdj,l3,5.921,6.300,
,,nsdj,r1,6.200,6.567,
,,nsdj,r2,6.154,6.587,
,,nsdj,r3,6.633,7.004,
, 3ae34564-1883-4536-b298-4d12dbcecfe3,nrc,l1,5.992,6.204,
,,nrc,l2,5.588,5.812,
,,nrc,l3,,,not synced
,,nrc,r1,,,not synced
,,nrc,r2,5.496,5.737,L/R Synced
,,nrc,r3,5.904,6.162,
,,nsdj,l1,5.812,6.154,
,,nsdj,l2,4.900,5.246,
,,nsdj,l3,6.621,7.000,
,,nsdj,r1,6.179,6.558,
,,nsdj,r2,5.896,6.267,L/R Synced
,,nsdj,r3,4.883,5.192,
,,crc,l1,6.492,6.854,"L/R Synced, C barely off"
,,crc,l2,6.467,6.858,L/R Synced
,,crc,l2_1,9.425,9.925,
,,crc,l3,,,not synced
,,crc,r1,7.292,7.700,
,,crc,r2,7.000,7.396,
,,crc,r3,6.812,7.337,
,,csdj,l1,7.421,7.942,
,,csdj,l2,6.879,7.312,
,,csdj,l3,6.704,7.167,
,,csdj,r1,6.171,6.625,
,,csdj,r2,7.554,8.075,
,,csdj,r3,6.642,7.129,
TRT_SIM_S11,438461d4-f466-4789-a6a5-98455e77137c,nrc,l1,4.854,5.254,
,,nrc,l2,4.900,5.258,
,,nrc,l3,5.312,5.708,
,,nrc,r1,,,no attempt
,,nrc,r1_1,5.104,5.521,
,,nrc,r2,5.375,5.729,
,,nrc,r3,5.150,5.537,
,,nsdj,l1,7.104,7.500,
,,nsdj,l2,5.429,5.846,
,,nsdj,l3,6.096,6.508,
,,nsdj,r1,5.879,6.250,
,,nsdj,r2,5.308,5.746,
,,nsdj,r3,5.179,5.571,
TRT_SIM_S12,592b9a70-4e12-436d-aa8b-fff00fcaf1a3,nrc,l1,6.542,6.875,
,,nrc,l2,5.904,6.271,
,,nrc,l3,5.938,6.263,poor cut
,,nrc,l3_1,5.954,6.362,
,,nrc,r1,8.542,8.867,poor cut
,,nrc,r1_1,5.108,5.683,
,,nrc,r2,4.925,5.325,L/R Synced
,,nrc,r3,5.154,5.467,L/R Synced
,,nsdj,l1,4.921,5.354,
,,nsdj,l2,7.312,7.771,
,,nsdj,l3,5.575,6.004,
,,nsdj,r1,5.546,5.975,
,,nsdj,r2,4.758,5.171,
,,nsdj,r3,5.021,5.446,